arc_length,stress_height_5.0,stress_height_7.5,stress_height_10.0,stress_height_12.5,stress_height_15.0
0.000000000000000000e+00,1.057093107928196105e+03,9.428421075649165459e+02,8.684478928947381746e+02,8.020839920755937555e+02,7.466068747695661614e+02
1.678955665537245345e-01,1.188293988157438577e+02,1.546246938783283440e+02,2.216955288357676181e+02,2.649707257878560540e+02,2.914583422789607425e+02
3.357911331074490691e-01,1.174407826256817913e+02,1.153458714371066378e+02,1.135757519422640485e+02,1.062691642655530870e+02,9.745480826569735200e+01
5.036866996611736313e-01,4.329278113112376758e+01,5.381927465809675226e+01,6.753389951958749293e+01,7.875705453758411068e+01,8.591483578367467544e+01
6.715822662148981381e-01,3.913569913821068269e+01,4.565109212686027718e+01,4.680184151272141690e+01,4.477540038460866612e+01,4.536070437836043823e+01
8.394778327686226449e-01,2.630579189424331332e+01,3.258543593385083881e+01,3.651367266411936185e+01,3.979699844392104069e+01,3.915012778403612970e+01
1.007373399322347263e+00,2.176807213399538554e+01,2.698276722889491097e+01,2.930467847114565672e+01,3.005026356571558210e+01,3.242467207818810238e+01
1.175268965876071769e+00,1.754104052751304010e+01,2.209047274356476365e+01,2.446294109941907990e+01,2.595239339919954347e+01,2.638031172277027991e+01
1.343164532429796276e+00,1.468689320276462240e+01,1.870235332049292509e+01,2.083814980067951694e+01,2.194157692140689164e+01,2.299678647631784756e+01
1.511060098983520783e+00,1.247546557920552779e+01,1.583835539505023249e+01,1.790295502756700685e+01,1.917753400994977042e+01,1.988175760938998948e+01
1.678955665537245290e+00,1.077135999202381988e+01,1.388723716484786941e+01,1.572569630995211121e+01,1.686485056149892969e+01,1.760359145883184695e+01
1.846851232090969797e+00,9.418113935304717188e+00,1.221717811528979958e+01,1.393889653848680510e+01,1.501312678227280095e+01,1.567668649051411300e+01
2.014746798644694525e+00,8.328072575294196866e+00,1.084013574639549837e+01,1.245492474729147148e+01,1.345982340121756593e+01,1.409524793020277578e+01
2.182642365198419032e+00,7.436194815332843433e+00,9.650553589656173159e+00,1.119874044457594664e+01,1.214897447232131711e+01,1.274943095144468153e+01
2.350537931752143539e+00,6.698264408513386670e+00,8.699327560822039729e+00,1.012647159881406012e+01,1.102342850992174483e+01,1.159693438941265775e+01
2.518433498305868046e+00,6.081177741300949791e+00,7.868859510822566961e+00,9.201515938424829955e+00,1.004877393411305597e+01,1.059531023269378558e+01
2.686329064859592552e+00,5.560854698910215888e+00,7.156111384317783042e+00,8.396029982090070121e+00,9.195550381858478062e+00,9.716903935860598196e+00
2.854224631413317059e+00,5.118925266974047261e+00,6.537603113145527445e+00,7.664169173690890347e+00,8.442775295733197183e+00,8.939442920067618203e+00
3.022120197967041566e+00,4.741514402560354391e+00,5.999279577277020437e+00,7.046623781395220831e+00,7.773661178104717351e+00,8.246078018333427906e+00
3.190015764520766073e+00,4.417617718390765447e+00,5.528394554752679824e+00,6.491085775329142216e+00,7.175209322113834887e+00,7.623493778135110865e+00
3.357911331074490580e+00,4.134090570532653608e+00,5.115409260559190763e+00,5.997556772586599472e+00,6.637098270884213669e+00,7.061248160840265520e+00
3.525806897628215086e+00,3.871893174704362117e+00,4.752256423061521851e+00,5.555271757676285560e+00,6.151129347534688208e+00,6.550540794940721057e+00
3.693702464181939593e+00,3.664252526506868168e+00,4.432338536492943071e+00,5.158307778725569115e+00,5.710737812563992932e+00,6.085024292787279521e+00
3.861598030735664100e+00,3.476884696100283278e+00,4.150158177014518834e+00,4.801163286856613865e+00,5.310443359645415029e+00,5.658752232222782119e+00
4.029493597289389051e+00,3.314211839317773745e+00,3.901174308228248844e+00,4.479535887009171269e+00,4.945631437496230909e+00,5.267203632207854369e+00
4.197389163843113558e+00,3.170832840874932668e+00,3.681480342570353947e+00,4.189718836822365233e+00,4.607010426215353505e+00,4.907018011564572291e+00
4.365284730396838064e+00,3.044642997187647193e+00,3.487778325227044895e+00,3.929259233618045855e+00,4.298386171900247632e+00,4.574700343167272365e+00
4.533180296950562571e+00,2.933170512961663867e+00,3.317183174083830455e+00,3.695272342887178763e+00,4.020660408412969566e+00,4.267644739004043508e+00
4.701075863504287078e+00,2.834649667305964016e+00,3.167216756971032332e+00,3.485666241853929481e+00,3.765349140103753545e+00,3.983592167785375615e+00
4.868971430058011585e+00,2.747448129724785915e+00,3.035660996299813785e+00,3.298478230696373359e+00,3.532376768745185025e+00,3.720683199673674668e+00
5.036866996611736091e+00,2.670380123858038690e+00,2.920499764719669766e+00,3.131971330911634599e+00,3.320115622569088654e+00,3.477473329268295554e+00
5.204762563165460598e+00,2.602357477373041572e+00,2.819964505423838474e+00,2.984595702988876553e+00,3.127480420533187200e+00,3.252754945869079872e+00
5.372658129719185105e+00,2.541663926285377517e+00,2.732316848459616754e+00,2.854997763452139736e+00,2.953419752944394627e+00,3.045530986994631206e+00
5.540553696272909612e+00,2.486495694224610808e+00,2.656229295428946813e+00,2.741891787080346976e+00,2.797115583817242790e+00,2.855309516749177323e+00
5.708449262826634119e+00,2.438756884602274688e+00,2.590507376792143823e+00,2.644093850976097393e+00,2.657882394160228756e+00,2.676834641245699586e+00
5.876344829380358625e+00,2.395815746129992707e+00,2.534013753456552998e+00,2.560447496785881683e+00,2.535073841122329252e+00,2.517603343333414845e+00
6.044240395934083132e+00,2.357621652361665099e+00,2.485614838291191564e+00,2.489880555225585379e+00,2.428140645454058166e+00,2.375182892936384071e+00
6.212135962487807639e+00,2.323462676567940477e+00,2.444607372506444332e+00,2.431317387942260932e+00,2.336542774443266524e+00,2.247870620093865401e+00
6.380031529041532146e+00,2.292929244884235551e+00,2.410009473545443370e+00,2.383723975422530117e+00,2.259719072541176654e+00,2.134271702840236706e+00
6.547927095595256652e+00,2.265662792508830847e+00,2.382537969484206819e+00,2.346079884626297130e+00,2.197061744735366862e+00,2.037902981287639914e+00
6.715822662148981159e+00,2.241170422018231356e+00,2.358249495856352240e+00,2.317413424754637852e+00,2.147901239927079597e+00,1.957588944888250193e+00
6.883718228702705666e+00,2.218467307759707019e+00,2.338273158370066884e+00,2.296778182475341268e+00,2.111494567768182673e+00,1.892850782220126149e+00
7.051613795256430173e+00,2.198686230077747883e+00,2.322217525434452146e+00,2.283277223017993407e+00,2.087004122789446914e+00,1.843798045837082622e+00
7.219509361810154680e+00,2.180778037931650815e+00,2.309487928393117340e+00,2.276061494120763751e+00,2.073558998478281179e+00,1.810135591648618369e+00
7.387404928363879186e+00,2.164675399934145261e+00,2.299592613654155127e+00,2.274342016033854108e+00,2.070193004929526737e+00,1.791036963273908489e+00
7.555300494917603693e+00,2.150066358655691623e+00,2.292121243452283519e+00,2.277385153232224457e+00,2.075915656757920225e+00,1.786987096079124315e+00
7.723196061471328200e+00,2.136832488652103290e+00,2.286711249221311082e+00,2.284522584915849919e+00,2.089774976295788012e+00,1.794558215795198475e+00
7.891091628025052707e+00,2.124872512408409353e+00,2.283058948992361614e+00,2.295140607279261946e+00,2.110779209193031303e+00,1.815035887871413234e+00
8.058987194578778102e+00,2.114056729871790274e+00,2.280879491465138909e+00,2.308697914394723050e+00,2.138050368053825423e+00,1.846438238580593749e+00
8.226882761132502608e+00,2.103990612577889330e+00,2.279980501963039252e+00,2.324692637685612073e+00,2.170707400523352426e+00,1.887561840249125877e+00
8.394778327686227115e+00,2.094867154709423307e+00,2.279995891745922876e+00,2.342688180136391907e+00,2.207982752465754483e+00,1.937219891967596253e+00
8.562673894239951622e+00,2.086500762730020053e+00,2.281253227453913013e+00,2.362296237186961356e+00,2.249129243889218088e+00,1.994346026041454278e+00
8.730569460793676129e+00,2.078828243490638883e+00,2.282844449177536372e+00,2.383156605212101820e+00,2.293532729968057016e+00,2.057312651053904595e+00
8.898465027347400635e+00,2.071759157961121645e+00,2.284988637675905210e+00,2.404961162955672638e+00,2.340617044824177206e+00,2.127088321563364470e+00
9.066360593901125142e+00,2.065230833426919155e+00,2.287601062675357788e+00,2.427453146802015294e+00,2.389833871757407913e+00,2.201082181641432989e+00
9.234256160454849649e+00,2.059181976307623341e+00,2.290583749198439101e+00,2.450413718659125717e+00,2.440729284814194155e+00,2.278213688715280849e+00
9.402151727008574156e+00,2.053561420470957799e+00,2.293795133438601752e+00,2.473600076921040003e+00,2.492905119644895251e+00,2.358782310796725845e+00
9.570047293562298663e+00,2.048320077994519650e+00,2.297187059234213180e+00,2.496887496680177509e+00,2.546010743093268136e+00,2.442099831290443834e+00
9.737942860116023169e+00,2.043418097841611214e+00,2.300643460375605631e+00,2.519952868356701181e+00,2.599748081290394364e+00,2.527743838794876741e+00
9.905838426669747676e+00,2.038820564160388482e+00,2.304253951482375662e+00,2.543278903416490433e+00,2.653857355015722508e+00,2.615299509343073314e+00
1.007373399322347218e+01,2.034493712340217808e+00,2.307835640502831076e+00,2.566145973546900994e+00,2.708087952382799202e+00,2.704441062452054290e+00
1.024162955977719669e+01,2.030409351781571115e+00,2.311219856201486067e+00,2.588217787478823251e+00,2.762240953381123187e+00,2.794876940753077132e+00
1.040952512633092120e+01,2.026542726799438476e+00,2.314546593538866492e+00,2.609979258724961504e+00,2.816129218777989607e+00,2.886365140234327775e+00
1.057742069288464570e+01,2.022872160024414168e+00,2.317836338504162708e+00,2.631173972241511727e+00,2.869595134885524423e+00,2.978688355417837386e+00
1.074531625943837021e+01,2.019378720100386104e+00,2.321041854992017317e+00,2.651764192139163256e+00,2.922495934750063196e+00,3.071667064238773559e+00
1.091321182599209472e+01,2.016045908734715564e+00,2.323902283695098436e+00,2.671680837783155127e+00,2.974711250788079742e+00,3.165132560312364784e+00
1.108110739254581922e+01,2.012859561685601317e+00,2.326640569190389751e+00,2.690880702671584412e+00,3.026127291880488013e+00,3.258926991361889236e+00
1.124900295909954373e+01,2.009807507231352375e+00,2.329187523856294906e+00,2.709344906794785235e+00,3.076646148702650851e+00,3.352928846093162107e+00
1.141689852565326824e+01,2.006879021808870789e+00,2.331544728072876271e+00,2.727036893373200765e+00,3.126179300613959544e+00,3.447038115893823917e+00
1.158479409220699274e+01,2.004065794346071350e+00,2.333694467157416241e+00,2.743930531451535870e+00,3.174653685298795214e+00,3.541128392265386005e+00
1.175268965876071725e+01,2.001360767285324638e+00,2.335633769943370464e+00,2.759997209595446588e+00,3.221992221318502825e+00,3.635111214939931834e+00
1.192058522531444176e+01,1.998754049491820117e+00,2.337357816734813909e+00,2.775364946624859996e+00,3.268134664541411549e+00,3.728884953298792659e+00
1.208848079186816626e+01,1.996241480877643415e+00,2.338867182856110283e+00,2.790135073745494854e+00,3.313021089353669346e+00,3.822358990094591569e+00
1.225637635842189077e+01,1.993822011891389856e+00,2.340164836688714889e+00,2.803648394571539360e+00,3.356603080063784272e+00,3.915444042259628166e+00
1.242427192497561528e+01,1.991490631556901647e+00,2.341193803269597140e+00,2.816474947663380579e+00,3.398841163251738351e+00,4.008059846842756180e+00
1.259216749152933978e+01,1.989244343477415189e+00,2.341993512899895880e+00,2.828476776785100455e+00,3.439686733712715938e+00,4.100127433873034910e+00
1.276006305808306429e+01,1.987081263930833952e+00,2.342771409355215440e+00,2.839679080821481350e+00,3.479110897719160711e+00,4.191559652446435358e+00
1.292795862463678880e+01,1.985000137149317778e+00,2.343279213883401102e+00,2.850079945477964838e+00,3.517084531774368195e+00,4.282285883147352479e+00
1.309585419119051330e+01,1.983000358845041777e+00,2.343630491569583807e+00,2.859698848315059383e+00,3.553580782163086038e+00,4.372222004708614662e+00
1.326374975774423781e+01,1.981081691632051944e+00,2.343811930297415191e+00,2.868550518094125756e+00,3.588576735930017581e+00,4.461299613043640200e+00
1.343164532429796232e+01,1.979244249094157748e+00,2.343836283912696938e+00,2.876647702616847546e+00,3.622054974693440510e+00,4.549440386383950319e+00
1.359954089085168683e+01,1.977488509640090708e+00,2.343713989872102221e+00,2.884016993565164722e+00,3.654002182037302759e+00,4.636565735594673221e+00
1.376743645740541133e+01,1.975815008343359214e+00,2.343461069270478703e+00,2.890680898726012416e+00,3.684401058434573439e+00,4.722614378015538961e+00
1.393533202395913584e+01,1.974225881662753146e+00,2.343088168955491213e+00,2.896660829741929177e+00,3.713248270259748463e+00,4.807470076517765811e+00
1.410322759051286035e+01,1.972723095823603057e+00,2.342604980233555789e+00,2.901980903197736161e+00,3.740525403463716980e+00,4.891059390281334629e+00
1.427112315706658485e+01,1.971302799941377026e+00,2.342024472685992453e+00,2.906669556506213059e+00,3.766236361051298775e+00,4.973316070871742767e+00
1.443901872362030936e+01,1.969967048667475629e+00,2.341358888438125341e+00,2.910757878103042984e+00,3.790380732845185285e+00,5.054141113307311528e+00
1.460691429017403387e+01,1.968721549859044018e+00,2.340622077813258706e+00,2.914287051095650671e+00,3.812962322007448446e+00,5.133444377307956330e+00
1.477480985672775837e+01,1.967565811683342103e+00,2.339825616723347324e+00,2.917284742137700171e+00,3.833985409802903810e+00,5.211134050405857643e+00
1.494270542328148288e+01,1.966500881247843946e+00,2.338980538807044152e+00,2.919762037223519346e+00,3.853446894461113992e+00,5.287112682515947348e+00
1.511060098983520739e+01,1.965528056177862082e+00,2.338098336171603897e+00,2.921749707364109216e+00,3.871371119918624260e+00,5.361289506122979276e+00
1.527849655638893189e+01,1.964648526295662556e+00,2.337186760756132298e+00,2.923277700047907768e+00,3.887760554093794063e+00,5.433562188104437141e+00
1.544639212294265640e+01,1.963863409231966672e+00,2.336261455919979912e+00,2.924383265310658508e+00,3.903702782481390798e+00,5.503832115964872429e+00
1.561428768949638091e+01,1.963173836986725762e+00,2.335330160446499992e+00,2.925102504770734413e+00,3.917482598940661198e+00,5.571991724984192373e+00
1.578218325605010541e+01,1.962581143684715146e+00,2.334395289942170937e+00,2.925464484517809716e+00,3.929491091614853993e+00,5.637947974612293578e+00
1.595007882260382992e+01,1.962086341014326774e+00,2.333470230572650461e+00,2.925503141653142958e+00,3.940247976814974074e+00,5.701594126836363685e+00
1.611797438915755620e+01,1.961690152171831514e+00,2.332572306571268683e+00,2.925249870897938198e+00,3.949623534050918039e+00,5.762852784599108880e+00
1.628586995571128071e+01,1.961393990339868942e+00,2.331710193995693459e+00,2.924738725118647409e+00,3.957698271023349701e+00,5.821552136766717567e+00
1.645376552226500522e+01,1.961199820136935390e+00,2.330890943438435059e+00,2.924000769462625993e+00,3.964489527531021462e+00,5.877592710058292980e+00
1.662166108881872972e+01,1.961104950503851363e+00,2.330124841171952621e+00,2.923068758901035569e+00,3.970058421581257768e+00,5.930920073887776311e+00
1.678955665537245423e+01,1.961110570594308600e+00,2.329417375980065597e+00,2.921972078390813632e+00,3.974443517577349816e+00,5.981409006034441589e+00
1.695745222192617874e+01,1.961216614043114426e+00,2.328777296594706225e+00,2.920737496580684045e+00,3.977684390939108194e+00,6.028981951347242685e+00
1.712534778847990324e+01,1.961421225900770615e+00,2.328208412788762338e+00,2.919403240579258263e+00,3.979879420029808657e+00,6.073515649801856320e+00
1.729324335503362775e+01,1.961726953628676773e+00,2.327717405653534577e+00,2.917987693982643904e+00,3.981078248325609970e+00,6.114861693168281320e+00
1.746113892158735226e+01,1.962131788017969170e+00,2.327306598304725416e+00,2.916500859499044918e+00,3.981339832846350735e+00,6.152955335952749572e+00
1.762903448814107676e+01,1.962634192389321797e+00,2.326980872882893792e+00,2.914978838164804298e+00,3.980721552589390644e+00,6.188600044423787416e+00
1.779693005469480127e+01,1.963234240816505105e+00,2.326744427894622547e+00,2.913461118895413371e+00,3.979300218805247091e+00,6.221132942671967925e+00
1.796482562124852578e+01,1.963930989109285541e+00,2.326599314633642113e+00,2.911965203057664819e+00,3.977140738602833459e+00,6.248683493320909221e+00
1.813272118780225028e+01,1.964723817569267617e+00,2.326540027845212855e+00,2.910512793799158171e+00,3.974323200199443296e+00,6.273315869793647970e+00
1.830061675435597479e+01,1.965611681628972818e+00,2.326573402919350997e+00,2.909131084866589667e+00,3.970916819978263845e+00,6.294333764058814396e+00
1.846851232090969930e+01,1.966593865247441064e+00,2.326693786814713949e+00,2.907836751171106737e+00,3.967003984606809919e+00,6.311832355071216760e+00
1.863640788746342380e+01,1.967669140477824374e+00,2.326901163921742288e+00,2.906653313670292338e+00,3.962661940737712385e+00,6.325769041699063067e+00
1.880430345401714831e+01,1.968835558149508502e+00,2.327198309874304094e+00,2.905591005528605386e+00,3.957963379100101875e+00,6.336148493987884045e+00
1.897219902057087282e+01,1.970091986109037796e+00,2.327580495262766114e+00,2.904671092760471751e+00,3.953021306363381449e+00,6.342998199507340118e+00
1.914009458712459733e+01,1.971438936142724252e+00,2.328043223024965247e+00,2.903898277633981895e+00,3.947882597686648065e+00,6.346361380054835521e+00
1.930799015367832183e+01,1.972870568111600553e+00,2.328582518584114247e+00,2.903285866398518156e+00,3.942583030498720831e+00,6.346333536031000477e+00
1.947588572023204634e+01,1.974384451619199066e+00,2.329193069101731961e+00,2.902843283116092188e+00,3.937264305770038053e+00,6.342989776272210278e+00
1.964378128678577085e+01,1.975984447781169218e+00,2.329870615645905474e+00,2.902576684212894165e+00,3.932007212222408565e+00,6.336450335218364316e+00
1.981167685333949535e+01,1.977668511124471395e+00,2.330607786838816420e+00,2.902473682803520916e+00,3.926866622548391916e+00,6.326861085547392349e+00
1.997957241989321986e+01,1.979434476386964237e+00,2.331398789724569376e+00,2.902548672414702047e+00,3.921909881846997958e+00,6.314400850757253103e+00
2.014746798644694437e+01,1.981281636728839501e+00,2.332235462563886585e+00,2.902788286770817461e+00,3.917212401661298138e+00,6.299272137268940419e+00
2.031536355300066887e+01,1.983209445782656122e+00,2.333111098426144725e+00,2.903194659511185272e+00,3.912826153886375113e+00,6.281698246875690117e+00
2.048325911955439338e+01,1.985217983511148754e+00,2.334020594039927676e+00,2.903771586300039509e+00,3.908832033675057716e+00,6.261930312516179598e+00
2.065115468610811789e+01,1.987307513529945391e+00,2.334954608060252568e+00,2.904506429143387525e+00,3.905264619459814401e+00,6.240221842528495877e+00
2.081905025266184239e+01,1.989478749452918471e+00,2.335886267780409309e+00,2.905388051801126803e+00,3.902188204612640376e+00,6.216914724386858992e+00
2.098694581921556690e+01,1.991732912449580839e+00,2.336819462052561747e+00,2.906409548256688069e+00,3.899623787715863266e+00,6.192285127448049487e+00
2.115484138576929141e+01,1.994072102966772508e+00,2.337748315256620746e+00,2.907552876780195028e+00,3.897620386457142150e+00,6.166601390299463858e+00
2.132273695232301591e+01,1.996499335732338398e+00,2.338655166563861076e+00,2.908812300802283701e+00,3.896204750643746273e+00,6.140244829893942047e+00
2.149063251887674042e+01,1.999019462190991137e+00,2.339528472102208490e+00,2.910161170826468968e+00,3.895381992570531970e+00,6.113666719689114792e+00
2.165852808543046493e+01,2.001633456086881147e+00,2.340357846556864185e+00,2.911586620422502936e+00,3.895142967152867897e+00,6.087231485903754624e+00
2.182642365198418943e+01,2.004345644251249059e+00,2.341129649507105448e+00,2.913062689916200210e+00,3.895524370985352647e+00,6.061300828192346835e+00
2.199431921853791394e+01,2.007165973658432190e+00,2.341832497192082752e+00,2.914571704931310236e+00,3.896484917979861962e+00,6.036285186108300671e+00
2.216221478509163845e+01,2.010101261531058725e+00,2.342453510128278626e+00,2.916095663948745642e+00,3.898044282805763316e+00,6.012555411304553843e+00
2.233011035164536295e+01,2.013159809241622078e+00,2.342981226632574021e+00,2.917605049363588776e+00,3.900181865067608111e+00,5.990486081026968002e+00
2.249800591819908746e+01,2.016352424867936310e+00,2.343403044176527672e+00,2.919044882085833681e+00,3.902858094374643372e+00,5.970408109179953016e+00
2.266590148475281197e+01,2.019691301584535026e+00,2.343707637062386606e+00,2.920411925634793349e+00,3.906035425907997016e+00,5.952655418905774987e+00
2.283379705130653647e+01,2.023190707343081485e+00,2.343886046951730862e+00,2.921688547853389384e+00,3.909677452832859057e+00,5.937496233124011979e+00
2.300169261786026098e+01,2.026867042471110381e+00,2.343927727753744250e+00,2.922829860660723700e+00,3.913734417532969800e+00,5.925176774617398223e+00
2.316958818441398549e+01,2.030739161800266146e+00,2.343811949503158854e+00,2.923810451795694210e+00,3.918167534892833981e+00,5.915912575758100367e+00
2.333748375096770999e+01,2.034828661084607138e+00,2.343533632840423930e+00,2.924601336539232488e+00,3.922905052090618128e+00,5.909894711779577925e+00
2.350537931752143450e+01,2.039160244791868415e+00,2.343086293001229059e+00,2.925168099726972670e+00,3.927897217696974863e+00,5.907113585237532050e+00
2.367327488407515901e+01,2.043761944523637020e+00,2.342458100204891203e+00,2.925481915040498926e+00,3.933065447617632771e+00,5.907676205182156082e+00
2.384117045062888351e+01,2.048667127806111932e+00,2.341641708215156825e+00,2.925509074449899050e+00,3.938353160822372523e+00,5.911535290362658124e+00
2.400906601718260802e+01,2.053910529483098824e+00,2.340629864894708589e+00,2.925221671729342443e+00,3.943688710224118044e+00,5.918621737980502395e+00
2.417696158373633253e+01,2.059531990073142804e+00,2.339415471595716500e+00,2.924582686445707402e+00,3.948974734816903531e+00,5.928894423569504468e+00
2.434485715029005704e+01,2.065580293788035871e+00,2.337995014690128048e+00,2.923564550812320473e+00,3.954094578584986142e+00,5.942160068012033669e+00
2.451275271684378154e+01,2.072107249945744023e+00,2.336363729332056050e+00,2.922136984165371931e+00,3.959017905524726100e+00,5.958177197135968051e+00
2.468064828339750605e+01,2.079172077133753849e+00,2.334520773080690059e+00,2.920269235327466184e+00,3.963675234651425239e+00,5.976714360543956772e+00
2.484854384995123056e+01,2.086841379033274269e+00,2.332465290920395784e+00,2.917913747445662676e+00,3.967963502845868184e+00,5.997452260561662918e+00
2.501643941650495506e+01,2.095190488190805667e+00,2.330201117698088353e+00,2.915047815694965294e+00,3.971808972129186266e+00,6.020082273213571256e+00
2.518433498305867957e+01,2.104304096442718208e+00,2.327732906652734801e+00,2.911645150321129361e+00,3.975135654688512155e+00,6.044235288939555417e+00
2.535223054961240408e+01,2.114277911058489057e+00,2.325068357649580530e+00,2.907672510083224804e+00,3.977859912586212854e+00,6.069567425577419684e+00
2.552012611616612858e+01,2.125218795150062956e+00,2.322214453153636615e+00,2.903105259423370832e+00,3.979909596157786389e+00,6.095677002425152757e+00
2.568802168271985309e+01,2.137248822174999230e+00,2.319187481762685188e+00,2.897914458428404227e+00,3.981208717675419617e+00,6.122183003747705854e+00
2.585591724927357760e+01,2.150505035751055338e+00,2.316006747984080238e+00,2.892074301320946894e+00,3.981689047430810202e+00,6.148739342504374150e+00
2.602381281582730210e+01,2.165142567163481413e+00,2.312693703837342518e+00,2.885560899491823594e+00,3.981276119401288671e+00,6.174976565489070701e+00
2.619170838238102661e+01,2.181335414027933517e+00,2.309276037934619996e+00,2.878348592017830221e+00,3.979913394546168437e+00,6.200353204490240522e+00
2.635960394893475112e+01,2.199281565116841364e+00,2.305787001533608827e+00,2.870415764874162612e+00,3.977538121907159940e+00,6.224625879006942419e+00
2.652749951548847562e+01,2.219203839581040949e+00,2.302266143619475791e+00,2.861740792570731440e+00,3.974086367482968729e+00,6.247526998214799399e+00
2.669539508204220013e+01,2.241354702362747808e+00,2.298760176401993149e+00,2.852306649687400775e+00,3.969486984580033795e+00,6.268708636749003027e+00
2.686329064859592464e+01,2.266017542461129963e+00,2.295323815353938368e+00,2.842095685265322302e+00,3.963695842087960663e+00,6.287856519793556309e+00
2.703118621514964914e+01,2.293516876472840860e+00,2.292021258787191762e+00,2.831093704233193620e+00,3.956668884182331869e+00,6.304727582121484986e+00
2.719908178170337365e+01,2.324215328492908128e+00,2.288927323832919303e+00,2.819288076740829929e+00,3.948354282915917057e+00,6.319051465577398830e+00
2.736697734825709816e+01,2.358530995601949787e+00,2.286128079679454750e+00,2.806668650387006192e+00,3.938717771765135822e+00,6.330642269879739992e+00
2.753487291481082266e+01,2.396930140132351728e+00,2.283723405246566251e+00,2.793231478935048528e+00,3.927715270873603171e+00,6.339278108446185556e+00
2.770276848136454717e+01,2.439955184627171647e+00,2.281827706053267235e+00,2.778971543979754433e+00,3.915314504956960207e+00,6.344822772461806260e+00
2.787066404791827168e+01,2.488207927055476887e+00,2.280571950606731235e+00,2.763892598513748577e+00,3.901482458704298661e+00,6.347114560968885932e+00
2.803855961447199618e+01,2.542395961043799613e+00,2.280107851932464236e+00,2.747995826675713626e+00,3.886191250116417084e+00,6.346060132489577121e+00
2.820645518102572069e+01,2.603309827223276418e+00,2.280606550254262288e+00,2.731291248954584194e+00,3.869415109449811041e+00,6.341593714765052070e+00
2.837435074757944520e+01,2.671878828410181317e+00,2.282266026015855154e+00,2.713790210679193127e+00,3.851136219724650367e+00,6.333607366231462699e+00
2.854224631413316970e+01,2.749138599236255143e+00,2.285309786108515429e+00,2.695512968495956230e+00,3.831336587338980859e+00,6.322008945816288694e+00
2.871014188068689421e+01,2.836326447284505115e+00,2.289994286791022571e+00,2.676482065658543963e+00,3.809998691115833225e+00,6.306888244493396911e+00
2.887803744724061872e+01,2.934836963023069067e+00,2.296605680727339394e+00,2.656729343260248566e+00,3.787115622892815558e+00,6.288190779918927831e+00
2.904593301379434322e+01,3.046337949019046309e+00,2.305476204925691164e+00,2.636293384801493112e+00,3.762677670465282898e+00,6.265969531514094193e+00
2.921382858034806773e+01,3.172712807037891825e+00,2.316973641313480936e+00,2.615222381321868017e+00,3.736672118218029581e+00,6.240246943326686946e+00
2.938172414690179224e+01,3.316263167551631863e+00,2.331521801423407148e+00,2.593569469855415033e+00,3.709108061592993888e+00,6.211056618319497069e+00
2.954961971345551675e+01,3.479625840395171643e+00,2.349584802703152064e+00,2.571403174460936025e+00,3.679983880643282301e+00,6.178441077375063095e+00
2.971751528000924125e+01,3.666047150862261628e+00,2.371701374528191852e+00,2.548802930820635915e+00,3.649310905893820678e+00,6.142464199989231766e+00
2.988541084656296576e+01,3.879274361319166697e+00,2.398455624301095046e+00,2.525861035793329101e+00,3.617091171111928904e+00,6.103168210670629534e+00
3.005330641311669027e+01,4.124049207806813833e+00,2.430521863898507107e+00,2.502685458912186967e+00,3.583340703481843637e+00,6.060695193393941693e+00
3.022120197967041477e+01,4.405951317397849287e+00,2.468622684972752168e+00,2.479400500331567336e+00,3.548072246812785213e+00,6.015113754348790032e+00
3.038909754622413928e+01,4.732144380077091483e+00,2.513596703033619484e+00,2.456153440139512867e+00,3.511309200120035445e+00,5.966535547549399965e+00
3.055699311277786379e+01,5.111203242783776801e+00,2.566331708946606227e+00,2.433111415850432113e+00,3.473070140486964164e+00,5.915048029478298552e+00
3.072488867933158829e+01,5.554472323901490149e+00,2.627952967948726126e+00,2.410468643219993545e+00,3.433386026903483490e+00,5.860772791326546383e+00
3.089278424588531280e+01,6.075920513683318980e+00,2.699574458376641672e+00,2.388458196869205352e+00,3.392285150556310303e+00,5.803810497442810856e+00
3.106067981243903731e+01,6.694445704001275921e+00,2.782383319380147046e+00,2.367340514008045016e+00,3.349804144866538103e+00,5.744333115689638447e+00
3.122857537899276181e+01,7.434129717303529894e+00,2.877709082555639064e+00,2.347402919836324653e+00,3.305985942393799171e+00,5.682302151139469792e+00
3.139647094554648632e+01,8.328583463409227505e+00,2.987104597789606242e+00,2.328981418676298265e+00,3.260872058876306046e+00,5.617824483602461783e+00
3.156436651210021083e+01,9.422563234505819452e+00,3.112203295741859055e+00,2.312450272913327165e+00,3.214504171996563464e+00,5.551102595255805738e+00
3.173226207865393533e+01,1.078134446257854862e+01,3.254940690828276750e+00,2.298244653779337288e+00,3.166957747884877161e+00,5.482206861351807348e+00
3.190015764520765984e+01,1.249190863592475509e+01,3.417383282038076064e+00,2.286845164876648795e+00,3.118291694717687079e+00,5.411239891636098420e+00
3.206805321176138790e+01,1.471275465655603831e+01,3.601979210022538958e+00,2.278790455999958997e+00,3.068576502688300067e+00,5.338310576374933447e+00
3.223594877831511241e+01,1.756406059200091008e+01,3.811397821373365691e+00,2.274674977136435849e+00,3.017888693976404024e+00,5.263509961281607197e+00
3.240384434486883691e+01,2.181732702733581064e+01,4.048869393742501543e+00,2.275164459938769479e+00,2.966321364937159366e+00,5.186942319223692088e+00
3.257173991142256142e+01,2.630406658599547498e+01,4.318000306169745173e+00,2.280976975169716869e+00,2.913971414943292260e+00,5.108695007985859959e+00
3.273963547797628593e+01,3.898983956943300910e+01,4.623176274421051168e+00,2.292896276075946815e+00,2.860953389060779450e+00,5.028867037485717617e+00
3.290753104453001043e+01,4.312397408531268184e+01,4.969438225100748063e+00,2.311754657506562616e+00,2.807387282117911553e+00,4.947544225268528884e+00
3.307542661108373494e+01,1.176979933760102739e+02,5.363046732418078832e+00,2.338448058145418784e+00,2.753430079288317955e+00,4.864818637450325944e+00
3.324332217763745945e+01,1.187042437710757383e+02,5.811401219730011114e+00,2.373905974916727946e+00,2.699245661671038743e+00,4.780782017839904086e+00
3.341121774419118395e+01,1.057576506499479137e+03,6.323790000095780073e+00,2.419106844603797768e+00,2.645019594099796034e+00,4.695542704027146463e+00
