x,y,stress_shear_10000
9.999999999999996447e+00,2.902252538976369467e-16,1.057093107928195195e+03
1.000830561172995203e+01,1.663661853704482829e-01,1.188309642913743289e+02
1.003292696429260999e+01,3.311133984672350317e-01,1.186337364674817394e+02
1.007303235820996257e+01,4.927966699194248901e-01,4.338380764232930176e+01
1.012739543412753740e+01,6.502677591397495460e-01,3.954804218530620830e+01
1.019457116874151836e+01,8.027229439393713806e-01,2.648339956585279253e+01
1.027305578377905704e+01,9.496849800689171062e-01,2.196913974508736445e+01
1.036140272832128240e+01,1.090946068409349268e+00,1.769837004899921595e+01
1.045829058885771978e+01,1.226498512111074968e+00,1.482614912821067854e+01
1.056255243547247957e+01,1.356470412566644024e+00,1.259588540821792435e+01
1.067317970677802030e+01,1.481073945401436109e+00,1.087744418885001174e+01
1.078931194657637427e+01,1.600567435778915248e+00,9.511948513318627008e+00
1.091022018774009972e+01,1.715229328432449352e+00,8.411714961524678458e+00
1.103528865140048509e+01,1.825341275557835763e+00,7.511068721360779854e+00
1.116399719875603580e+01,1.931177720228689054e+00,6.765621875003120955e+00
1.129590569068260208e+01,2.032999949754998426e+00,6.141972761328569064e+00
1.143064063283386389e+01,2.131053113804445953e+00,5.615893365131014114e+00
1.156788380814452744e+01,2.225564962193596230e+00,5.168838670841230609e+00
1.170736296774357221e+01,2.316745819479582913e+00,4.786831654644741363e+00
1.184884344400735756e+01,2.404788769651362568e+00,4.458932796501402507e+00
1.199212388941131735e+01,2.489871908610210127e+00,4.175467721664050558e+00
1.213703044447421675e+01,2.572158933520780622e+00,3.905542914648766128e+00
1.228340909097546785e+01,2.651798460008157221e+00,3.696307707866183012e+00
1.243112566051541812e+01,2.728927299187276390e+00,3.505902648861102922e+00
1.258006323285449746e+01,2.803671614550133029e+00,3.340919342665904068e+00
1.273011803603118075e+01,2.876147048285889074e+00,3.195306646458436539e+00
1.288119832541113929e+01,2.946460135521987045e+00,3.067134417714010297e+00
1.303322241768720069e+01,3.014709020332289047e+00,2.953812535399924499e+00
1.318611736190990769e+01,3.080984276591447024e+00,2.853609496920853861e+00
1.333981778802875517e+01,3.145369626462036994e+00,2.764816951801022604e+00
1.349426501163338088e+01,3.207942614779694335e+00,2.686245143519755185e+00
1.364940617195448702e+01,3.268775165626264023e+00,2.616839247573099936e+00
1.380519331025057816e+01,3.327934013420699166e+00,2.555504091336282535e+00
1.396158288506531342e+01,3.385481216356381662e+00,2.498696942051094272e+00
1.411853552531465361e+01,3.441474665930302823e+00,2.450117330000380012e+00
1.427601535226138729e+01,3.495968364894157077e+00,2.406201185845004531e+00
1.443398932235550447e+01,3.549012669585451807e+00,2.367188854038327239e+00
1.459242714381218597e+01,3.600654681877583307e+00,2.332238043110460346e+00
1.475130124511694696e+01,3.650938598218554265e+00,2.301037613257686409e+00
1.491058619180305911e+01,3.699905839747290148e+00,2.272959805199095573e+00
1.507025840019814744e+01,3.747595255051558105e+00,2.248333181697975469e+00
1.523029618331474211e+01,3.794043391865808967e+00,2.224758237503374758e+00
1.539067935449757130e+01,3.839284608302275359e+00,2.204553064816476837e+00
1.555138918323126695e+01,3.883351267959171071e+00,2.186154552323336109e+00
1.571240835232156741e+01,3.926273910549766821e+00,2.169682319069514698e+00
1.587373827313448160e+01,3.968085837063698662e+00,2.154686393161939328e+00
1.603534633836625645e+01,4.008809531338543231e+00,2.141149754558494323e+00
1.619720081679103529e+01,4.048466466043319834e+00,2.128770482498553385e+00
1.635930609647050815e+01,4.087085471546092919e+00,2.117829496006173873e+00
1.652164980203182765e+01,4.124689589945097268e+00,2.107458910810143138e+00
1.668422034625011108e+01,4.161300661388875000e+00,2.098118392598189441e+00
1.684700684166010731e+01,4.196939394898552500e+00,2.089536306628950513e+00
1.700999900317575353e+01,4.231625430687198097e+00,2.081679580181423628e+00
1.717318713000100416e+01,4.265377413261053796e+00,2.074440568416311859e+00
1.733656211025411054e+01,4.298213061649470923e+00,2.067760542629892839e+00
1.750011530790469649e+01,4.330149209711350977e+00,2.061574369097787685e+00
1.766383855378348500e+01,4.361201863338009410e+00,2.055829664967632198e+00
1.782970124938139378e+01,4.391744981298907113e+00,2.050415194079677317e+00
1.799572257624148719e+01,4.421413773029652994e+00,2.045359907698498514e+00
1.815991454351061307e+01,4.449884279992537550e+00,2.040679742611573033e+00
1.832424769898688410e+01,4.477528227040723507e+00,2.036278530767337891e+00
1.848871576292533092e+01,4.504358106742881951e+00,2.032127271889858644e+00
1.865331268555880584e+01,4.530385808107434187e+00,2.028200312433631858e+00
1.881803270207914380e+01,4.555622659325471169e+00,2.024475319149516839e+00
1.898287034609400692e+01,4.580079459864874636e+00,2.020932522021148703e+00
1.914782041710888194e+01,4.603766503027618029e+00,2.017554942260721518e+00
1.931287783829835192e+01,4.626693582028843288e+00,2.014327448203988347e+00
1.947803773845424047e+01,4.648870027365843427e+00,2.011237665454631784e+00
1.964329554176313053e+01,4.670304740795891085e+00,2.008274218194328498e+00
1.980865286678870518e+01,4.691006939317196256e+00,2.005427479736753060e+00
1.997409937898810028e+01,4.710983890485349157e+00,2.002690910064575558e+00
2.014511776094104789e+01,4.730869293444093238e+00,1.999970075572897077e+00
2.031622256688804740e+01,4.749996829906206308e+00,1.997349571753016528e+00
2.048191484054450839e+01,4.767795979181668642e+00,1.994907630050064107e+00
2.064768043206532155e+01,4.784898865511659771e+00,1.992554116685478105e+00
2.081351235714522829e+01,4.801311409005579733e+00,1.990285523666986744e+00
2.097941056157394968e+01,4.817039899814187009e+00,1.988099584495738092e+00
2.114537168599138539e+01,4.832089961460695804e+00,1.985994875696804218e+00
2.131139247632987832e+01,4.846466920876189910e+00,1.983970380493723207e+00
2.147746977166744742e+01,4.860175817470020476e+00,1.982025954850736404e+00
2.164360048794620184e+01,4.873221411340015408e+00,1.980161276820407101e+00
2.180978161856490871e+01,4.885608192308342979e+00,1.978376886204749496e+00
2.197601024590850471e+01,4.897340388949787737e+00,1.976673181701329218e+00
2.214228352097543606e+01,4.908421974587391823e+00,1.975050802687365437e+00
2.230859864660002856e+01,4.918856673330552987e+00,1.973513152223054679e+00
2.248249842588301206e+01,4.929076832929697893e+00,1.971994985041145343e+00
2.265643789881575287e+01,4.938597604335026148e+00,1.970565475333211802e+00
2.282384335961119248e+01,4.947101758454043541e+00,1.969280208011331190e+00
2.299128018059684919e+01,4.954964342142543998e+00,1.968084554634564443e+00
2.315776743601581700e+01,4.962147599356509176e+00,1.966984665540572053e+00
2.332428064895412234e+01,4.968701648614840316e+00,1.965975001370410036e+00
2.349081735985047814e+01,4.974628604324493608e+00,1.965056637113952620e+00
2.365737514665727304e+01,4.979930371034722469e+00,1.964230831038316305e+00
2.382395161454224919e+01,4.984608646123273701e+00,1.963498504485924778e+00
2.399054438954880553e+01,4.988664922385197542e+00,1.962860951649674668e+00
2.415715112069305803e+01,4.992100490515555933e+00,1.962319487497372617e+00
2.432376947658545419e+01,4.994916441067328350e+00,1.961874791937397555e+00
2.449039714021895975e+01,4.997113666077680705e+00,1.961527597427169534e+00
2.465703180736526434e+01,4.998692860459075682e+00,1.961279867955783462e+00
2.482851465808167291e+01,4.999673242406358575e+00,1.961129233035192154e+00
2.500000000000002487e+01,4.999999999999998224e+00,1.961081663843117662e+00
2.517148534191840170e+01,4.999673242406358575e+00,1.961140713563275462e+00
2.534296819263478540e+01,4.998692860459076570e+00,1.961302687386694554e+00
2.550960285978108999e+01,4.997113666077682481e+00,1.961560003106712413e+00
2.567623052341459200e+01,4.994916441067327462e+00,1.961916586390866746e+00
2.584284887930699526e+01,4.992100490515555045e+00,1.962368959946265479e+00
2.600945561045124066e+01,4.988664922385195766e+00,1.962917824704255354e+00
2.617604838545780055e+01,4.984608646123271924e+00,1.963562572047486077e+00
2.634262485334278026e+01,4.979930371034720693e+00,1.964301947458842346e+00
2.650918264014957160e+01,4.974628604324491832e+00,1.965136007444423738e+00
2.667571935104592740e+01,4.968701648614838540e+00,1.966062661036213299e+00
2.684223256398423629e+01,4.962147599356509176e+00,1.967082547672174053e+00
2.700871981940320410e+01,4.954964342142540445e+00,1.968192745231899687e+00
2.717615664038887502e+01,4.947101758454037324e+00,1.969399318540502541e+00
2.734356210118431463e+01,4.938597604335022595e+00,1.970695489614248563e+00
2.751750157411704123e+01,4.929076832929697005e+00,1.972136868374732899e+00
2.769140135340002473e+01,4.918856673330550322e+00,1.973666688957986803e+00
2.785771647902462078e+01,4.908421974587385606e+00,1.975215198150686469e+00
2.802398975409155568e+01,4.897340388949784185e+00,1.976848285327162724e+00
2.819021838143514103e+01,4.885608192308338538e+00,1.978562224367227174e+00
2.835639951205384435e+01,4.873221411340010967e+00,1.980356673193104822e+00
2.852253022833260943e+01,4.860175817470013371e+00,1.982230566531135052e+00
2.868860752367018208e+01,4.846466920876184581e+00,1.984183922561060465e+00
2.885462831400866079e+01,4.832089961460689587e+00,1.986216879980438055e+00
2.902058943842610006e+01,4.817039899814180792e+00,1.988329813420031567e+00
2.918648764285482855e+01,4.801311409005571740e+00,1.990523728750459576e+00
2.935231956793473884e+01,4.784898865511654442e+00,1.992799994403398278e+00
2.951808515945554134e+01,4.767795979181664201e+00,1.995161328755801433e+00
2.968377743311199879e+01,4.749996829906200091e+00,1.997610879310605769e+00
2.985488223905899119e+01,4.730869293444086132e+00,2.000239042589154970e+00
3.002590062101192103e+01,4.710983890485345604e+00,2.002967158609675113e+00
3.019134713321131258e+01,4.691006939317192703e+00,2.005710896428953838e+00
3.035670445823689434e+01,4.670304740795886644e+00,2.008564567974181259e+00
3.052196226154580216e+01,4.648870027365834545e+00,2.011534595282209015e+00
3.068712216170169782e+01,4.626693582028836182e+00,2.014630698448323542e+00
3.085217958289116780e+01,4.603766503027609147e+00,2.017864326272337028e+00
3.101712965390606058e+01,4.580079459864863978e+00,2.021247827652322027e+00
3.118196729792093436e+01,4.555622659325456958e+00,2.024796545803650094e+00
3.134668731444127587e+01,4.530385808107421752e+00,2.028527104787202440e+00
3.151128423707473658e+01,4.504358106742872181e+00,2.032459428678706992e+00
3.167575230101317985e+01,4.477528227040711073e+00,2.036615585262455230e+00
3.184008545648945798e+01,4.449884279992522451e+00,2.041021343932278409e+00
3.200427742375858031e+01,4.421413773029638783e+00,2.045705346600814600e+00
3.217029875061865596e+01,4.391744981298891126e+00,2.050763384042545212e+00
3.233616144621656474e+01,4.361201863337995199e+00,2.056179436560339635e+00
3.249988469209536390e+01,4.330149209711332325e+00,2.061924555691076577e+00
3.266343788974597118e+01,4.298213061649453159e+00,2.068109500550394220e+00
3.282681286999905979e+01,4.265377413261034256e+00,2.074788079717548417e+00
3.299000099682432108e+01,4.231625430687175005e+00,2.082021023893342537e+00
3.315299315833996729e+01,4.196939394898529407e+00,2.089876401973852271e+00
3.331577965374997774e+01,4.161300661388851907e+00,2.098431503164775780e+00
3.347835019796826117e+01,4.124689589945074175e+00,2.107772615155421025e+00
3.364069390352956646e+01,4.087085471546067161e+00,2.117997770582975559e+00
3.380279918320905352e+01,4.048466466043290524e+00,2.129215284179086343e+00
3.396465366163384658e+01,4.008809531338514809e+00,2.141550843165429985e+00
3.412626172686559300e+01,3.968085837063672905e+00,2.155144546294569974e+00
3.428759164767848944e+01,3.926273910549745505e+00,2.170154004551212878e+00
3.444861081676879877e+01,3.883351267959147535e+00,2.186753450454236969e+00
3.460932064550251397e+01,3.839284608302249158e+00,2.205146731757243739e+00
3.476970381668532184e+01,3.794043391865784542e+00,2.225559361622704291e+00
3.492974159980192184e+01,3.747595255051531016e+00,2.248248253290008325e+00
3.508941380819700129e+01,3.699905839747265279e+00,2.273499691367650843e+00
3.524869875488312942e+01,3.650938598218528952e+00,2.301644631341872138e+00
3.540757285618786199e+01,3.600654681877559771e+00,2.333047684410064715e+00
3.556601067764454882e+01,3.549012669585426938e+00,2.368135775408857224e+00
3.572398464773865356e+01,3.495968364894134428e+00,2.407376336597231159e+00
3.588146447468541567e+01,3.441474665930274845e+00,2.451323708059512718e+00
3.603841711493473099e+01,3.385481216356361234e+00,2.500578837800202070e+00
3.619480668974944848e+01,3.327934013420679182e+00,2.555865742504155325e+00
3.635059382804553962e+01,3.268775165626245371e+00,2.617974174677607291e+00
3.650573498836668307e+01,3.207942614779666357e+00,2.687851641159381799e+00
3.666018221197127502e+01,3.145369626462018342e+00,2.766531251726555674e+00
3.681388263809013495e+01,3.080984276591420379e+00,2.855276090100925757e+00
3.696677758231281530e+01,3.014709020332274836e+00,2.955478948329367750e+00
3.711880167458892998e+01,2.946460135521959511e+00,3.068836436342595064e+00
3.726988196396884945e+01,2.876147048285878416e+00,3.197228609917329045e+00
3.741993676714555761e+01,2.803671614550097946e+00,3.342999727748215744e+00
3.756887433948458010e+01,2.728927299187267064e+00,3.508784813490497978e+00
3.771659090902460321e+01,2.651798460008121694e+00,3.697882178589502189e+00
3.786296955552575838e+01,2.572158933520786395e+00,3.914036918190841874e+00
3.800787611058873239e+01,2.489871908610173268e+00,4.162070644575916134e+00
3.815115655599258560e+01,2.404788769651386549e+00,4.447561679501909282e+00
3.829263703225649351e+01,2.316745819479542057e+00,4.777782545139305448e+00
3.843211619185539263e+01,2.225564962193653074e+00,5.161316106510427382e+00
3.856935936716618585e+01,2.131053113804401100e+00,5.609671071586055824e+00
3.870409430931723449e+01,2.032999949755112112e+00,6.136841631222728743e+00
3.883600280124401394e+01,1.931177720228659300e+00,6.761962082931083806e+00
3.896471134859926622e+01,1.825341275558035159e+00,7.509181681472218095e+00
3.908977981225992693e+01,1.715229328432409162e+00,8.412471342264231211e+00
3.921068805342330421e+01,1.600567435779218561e+00,9.516742132666749399e+00
3.932682029322203476e+01,1.481073945401392145e+00,1.088786590115681108e+01
3.943744756452716871e+01,1.356470412567063910e+00,1.261278220683328932e+01
3.954170941114229265e+01,1.226498512111031669e+00,1.485260760577043015e+01
3.963859727167838543e+01,1.090946068409828218e+00,1.772119085545774197e+01
3.972694421622096428e+01,9.496849800688883514e-01,2.201970064033914198e+01
3.980542883125828979e+01,8.027229439397246535e-01,2.647953287513110610e+01
3.987260456587245727e+01,6.502677591397196810e-01,3.939755501696390638e+01
3.992696764179000013e+01,4.927966699195274192e-01,4.321455527988450029e+01
3.996707303570740066e+01,3.311133984672386954e-01,1.188978169395157494e+02
3.999169438827005507e+01,1.663661853704532789e-01,1.187026950107718335e+02
3.999999999999998579e+01,-1.237547636527542881e-17,1.057576506499478455e+03
